songName,year,Album,songWriters,rock,pop,folk,psychedelic,blues,rockroll,other,Harrison,Lennon,LennonMcCartney,McCartney,Starkey,chartPos,Duration,d1to130,d130to2,d2to230,d230to3,d3to330,d330to4,d4to430,d430to5,d5to530,d530to6,d6to630,d630to7,d7to730,d730to8,d8plus
In Spite of All the Danger,1958,Anthology 1,McCartney and Harrison,#282828,#282828,#282828,#282828,#336dff,#ff8f33,#abff33,0,0,0,0,0,,164,#fcfcfc,#fcfcfc,#fcfcfc,#fcfcfc,#212121,#212121,#212121,#212121,#212121,#212121,#212121,#212121,#212121,#212121,#212121
Cayenne,1960,Anthology 1,McCartney,#ff336d,#282828,#282828,#282828,#282828,#282828,#abff33,0,0,0,1,0,,73,#fcfcfc,#212121,#212121,#212121,#212121,#212121,#212121,#212121,#212121,#212121,#212121,#212121,#212121,#212121,#212121
You'll Be Mine,1960,Anthology 1,Lennon and McCartney,#282828,#282828,#282828,#282828,#336dff,#282828,#abff33,0,0,1,0,0,,98,#fcfcfc,#fcfcfc,#212121,#212121,#212121,#212121,#212121,#212121,#212121,#212121,#212121,#212121,#212121,#212121,#212121
Cry for a Shadow,1961,Anthology 1,Lennon and Harrison,#ff336d,#282828,#282828,#282828,#282828,#282828,#abff33,0,0,0,0,0,,140,#fcfcfc,#fcfcfc,#fcfcfc,#212121,#212121,#212121,#212121,#212121,#212121,#212121,#212121,#212121,#212121,#212121,#212121
My Bonnie,1961,Anthology 1,Traditional arr. Sheridan,#282828,#282828,#282828,#282828,#282828,#ff8f33,#282828,0,0,0,0,0,,,#212121,#212121,#212121,#212121,#212121,#212121,#212121,#212121,#212121,#212121,#212121,#212121,#212121,#212121,#212121
I Lost My Little Girl,1962,0,McCartney,#ff336d,#282828,#282828,#282828,#282828,#282828,#282828,0,0,0,1,0,,105,#fcfcfc,#fcfcfc,#212121,#212121,#212121,#212121,#212121,#212121,#212121,#212121,#212121,#212121,#212121,#212121,#212121
Love of the Loved,1962,0,Lennon and McCartney,#282828,#33d4ff,#282828,#282828,#282828,#282828,#282828,0,0,1,0,0,,122,#fcfcfc,#fcfcfc,#fcfcfc,#212121,#212121,#212121,#212121,#212121,#212121,#212121,#212121,#212121,#212121,#212121,#212121
The Saints,1962,0,Traditional arr. Sheridan,#282828,#282828,#282828,#282828,#282828,#ff8f33,#282828,0,0,0,0,0,,,#212121,#212121,#212121,#212121,#212121,#212121,#212121,#212121,#212121,#212121,#212121,#212121,#212121,#212121,#212121
Tip of My Tongue,1962,0,Lennon and/or McCartney,#282828,#282828,#282828,#282828,#282828,#282828,#282828,0,0,0,0,0,,,#212121,#212121,#212121,#212121,#212121,#212121,#212121,#212121,#212121,#212121,#212121,#212121,#212121,#212121,#212121
Hello Little Girl,1962,Anthology 1,Lennon,#282828,#282828,#282828,#282828,#282828,#ff8f33,#282828,0,1,0,0,0,,,#212121,#212121,#212121,#212121,#212121,#212121,#212121,#212121,#212121,#212121,#212121,#212121,#212121,#212121,#212121
Like Dreamers Do,1962,Anthology 1,McCartney,#ff336d,#282828,#282828,#282828,#282828,#282828,#282828,0,0,0,1,0,,156,#fcfcfc,#fcfcfc,#fcfcfc,#fcfcfc,#212121,#212121,#212121,#212121,#212121,#212121,#212121,#212121,#212121,#212121,#212121
Ask Me Why,1962,Please Please Me,Lennon and McCartney,#282828,#33d4ff,#282828,#282828,#282828,#282828,#282828,0,0,1,0,0,,144,#fcfcfc,#fcfcfc,#fcfcfc,#212121,#212121,#212121,#212121,#212121,#212121,#212121,#212121,#212121,#212121,#212121,#212121
Love Me Do,1962,Please Please Me,Lennon and McCartney,#282828,#33d4ff,#282828,#282828,#336dff,#ff8f33,#282828,0,0,1,0,0,1,142,#fcfcfc,#fcfcfc,#fcfcfc,#212121,#212121,#212121,#212121,#212121,#212121,#212121,#212121,#212121,#212121,#212121,#212121
P.S. I Love You,1962,Please Please Me,Lennon and McCartney,#282828,#33d4ff,#282828,#282828,#282828,#ff8f33,#282828,0,0,1,0,0,10,126,#fcfcfc,#fcfcfc,#fcfcfc,#212121,#212121,#212121,#212121,#212121,#212121,#212121,#212121,#212121,#212121,#212121,#212121
Please Please Me,1962,Please Please Me,Lennon,#282828,#282828,#282828,#282828,#282828,#ff8f33,#282828,0,1,0,0,0,3,120,#fcfcfc,#fcfcfc,#212121,#212121,#212121,#212121,#212121,#212121,#212121,#212121,#212121,#212121,#212121,#212121,#212121
I'll Keep You Satisfied,1963,0,Lennon and McCartney,#282828,#282828,#282828,#282828,#282828,#282828,#abff33,0,0,1,0,0,,,#212121,#212121,#212121,#212121,#212121,#212121,#212121,#212121,#212121,#212121,#212121,#212121,#212121,#212121,#212121
From Me to You,1963,A Collection of Beatles Oldies,Lennon and McCartney,#282828,#282828,#282828,#282828,#282828,#ff8f33,#282828,0,0,1,0,0,41,116,#fcfcfc,#fcfcfc,#212121,#212121,#212121,#212121,#212121,#212121,#212121,#212121,#212121,#212121,#212121,#212121,#212121
I Want to Hold Your Hand,1963,A Collection of Beatles Oldies,Lennon and McCartney,#ff336d,#33d4ff,#282828,#282828,#282828,#ff8f33,#282828,0,0,1,0,0,1,144,#fcfcfc,#fcfcfc,#fcfcfc,#212121,#212121,#212121,#212121,#212121,#212121,#212121,#212121,#212121,#212121,#212121,#212121
She Loves You,1963,A Collection of Beatles Oldies,Lennon and McCartney,#282828,#33d4ff,#282828,#282828,#282828,#ff8f33,#282828,0,0,1,0,0,1,138,#fcfcfc,#fcfcfc,#fcfcfc,#212121,#212121,#212121,#212121,#212121,#212121,#212121,#212121,#212121,#212121,#212121,#212121
Moonlight Bay,1963,Anthology 1,Percy Wenrich�Edward Madden,#282828,#282828,#282828,#282828,#282828,#282828,#abff33,0,0,0,0,0,,,#212121,#212121,#212121,#212121,#212121,#212121,#212121,#212121,#212121,#212121,#212121,#212121,#212121,#212121,#212121
From Us to You,1963,Live at the BBC,Lennon and McCartney,#282828,#282828,#282828,#282828,#282828,#ff8f33,#282828,0,0,1,0,0,,116,#fcfcfc,#fcfcfc,#212121,#212121,#212121,#212121,#212121,#212121,#212121,#212121,#212121,#212121,#212121,#212121,#212121
I'll Be on My Way,1963,Live at the BBC,McCartney,#282828,#33d4ff,#282828,#282828,#282828,#282828,#282828,0,0,0,1,0,,100,#fcfcfc,#fcfcfc,#212121,#212121,#212121,#212121,#212121,#212121,#212121,#212121,#212121,#212121,#212121,#212121,#212121
I'll Get You,1963,Past Masters Volume 1,Lennon and McCartney,#282828,#282828,#282828,#282828,#282828,#ff8f33,#282828,0,0,1,0,0,,124,#fcfcfc,#fcfcfc,#fcfcfc,#212121,#212121,#212121,#212121,#212121,#212121,#212121,#212121,#212121,#212121,#212121,#212121
Do You Want to Know a Secret?,1963,Please Please Me,Lennon,#282828,#33d4ff,#282828,#282828,#282828,#282828,#282828,0,1,0,0,0,2,116,#fcfcfc,#fcfcfc,#212121,#212121,#212121,#212121,#212121,#212121,#212121,#212121,#212121,#212121,#212121,#212121,#212121
I Saw Her Standing There,1963,Please Please Me,Lennon and McCartney,#282828,#282828,#282828,#282828,#282828,#ff8f33,#282828,0,0,1,0,0,14,175,#fcfcfc,#fcfcfc,#fcfcfc,#fcfcfc,#212121,#212121,#212121,#212121,#212121,#212121,#212121,#212121,#212121,#212121,#212121
Misery,1963,Please Please Me,Lennon and McCartney,#ff336d,#33d4ff,#282828,#282828,#282828,#282828,#282828,0,0,1,0,0,,107,#fcfcfc,#fcfcfc,#212121,#212121,#212121,#212121,#212121,#212121,#212121,#212121,#212121,#212121,#212121,#212121,#212121
There's a Place,1963,Please Please Me,Lennon and McCartney,#282828,#282828,#282828,#282828,#282828,#ff8f33,#282828,0,0,1,0,0,,109,#fcfcfc,#fcfcfc,#212121,#212121,#212121,#212121,#212121,#212121,#212121,#212121,#212121,#212121,#212121,#212121,#212121
Thank You Girl,1963,Rarities,Lennon and McCartney,#282828,#282828,#282828,#282828,#282828,#ff8f33,#282828,0,0,1,0,0,35,121,#fcfcfc,#fcfcfc,#fcfcfc,#212121,#212121,#212121,#212121,#212121,#212121,#212121,#212121,#212121,#212121,#212121,#212121
This Boy,1963,Rarities,Lennon,#282828,#33d4ff,#282828,#282828,#336dff,#282828,#282828,0,1,0,0,0,,133,#fcfcfc,#fcfcfc,#fcfcfc,#212121,#212121,#212121,#212121,#212121,#212121,#212121,#212121,#212121,#212121,#212121,#212121
Bad to Me,1963,The Beatles Bootleg Recordings 1963,Lennon,#282828,#33d4ff,#282828,#282828,#282828,#282828,#282828,0,1,0,0,0,,142,#fcfcfc,#fcfcfc,#fcfcfc,#212121,#212121,#212121,#212121,#212121,#212121,#212121,#212121,#212121,#212121,#212121,#212121
I'm In Love,1963,The Beatles Bootleg Recordings 1963,Lennon,#282828,#282828,#282828,#282828,#282828,#282828,#282828,0,1,0,0,0,,92,#fcfcfc,#fcfcfc,#212121,#212121,#212121,#212121,#212121,#212121,#212121,#212121,#212121,#212121,#212121,#212121,#212121
All I've Got to Do,1963,With the Beatles,Lennon,#282828,#282828,#282828,#282828,#282828,#282828,#abff33,0,1,0,0,0,,124,#fcfcfc,#fcfcfc,#fcfcfc,#212121,#212121,#212121,#212121,#212121,#212121,#212121,#212121,#212121,#212121,#212121,#212121
All My Loving,1963,With the Beatles,McCartney,#ff336d,#33d4ff,#282828,#282828,#282828,#282828,#282828,0,0,0,1,0,45,124,#fcfcfc,#fcfcfc,#fcfcfc,#212121,#212121,#212121,#212121,#212121,#212121,#212121,#212121,#212121,#212121,#212121,#212121
Don't Bother Me,1963,With the Beatles,Harrison,#282828,#282828,#282828,#282828,#282828,#ff8f33,#282828,1,0,0,0,0,,149,#fcfcfc,#fcfcfc,#fcfcfc,#212121,#212121,#212121,#212121,#212121,#212121,#212121,#212121,#212121,#212121,#212121,#212121
Hold Me Tight,1963,With the Beatles,Lennon and McCartney,#282828,#282828,#282828,#282828,#282828,#ff8f33,#282828,0,0,1,0,0,,152,#fcfcfc,#fcfcfc,#fcfcfc,#fcfcfc,#212121,#212121,#212121,#212121,#212121,#212121,#212121,#212121,#212121,#212121,#212121
I Wanna Be Your Man,1963,With the Beatles,Lennon and McCartney,#282828,#282828,#282828,#282828,#336dff,#ff8f33,#282828,0,0,1,0,0,,103,#fcfcfc,#fcfcfc,#212121,#212121,#212121,#212121,#212121,#212121,#212121,#212121,#212121,#212121,#212121,#212121,#212121
It Won't Be Long,1963,With the Beatles,Lennon and McCartney,#ff336d,#282828,#282828,#282828,#282828,#282828,#282828,0,0,1,0,0,,133,#fcfcfc,#fcfcfc,#fcfcfc,#212121,#212121,#212121,#212121,#212121,#212121,#212121,#212121,#212121,#212121,#212121,#212121
Little Child,1963,With the Beatles,Lennon and McCartney,#282828,#282828,#282828,#282828,#282828,#ff8f33,#282828,0,0,1,0,0,,108,#fcfcfc,#fcfcfc,#212121,#212121,#212121,#212121,#212121,#212121,#212121,#212121,#212121,#212121,#212121,#212121,#212121
Not a Second Time,1963,With the Beatles,Lennon,#ff336d,#282828,#282828,#282828,#282828,#282828,#282828,0,1,0,0,0,,128,#fcfcfc,#fcfcfc,#fcfcfc,#212121,#212121,#212121,#212121,#212121,#212121,#212121,#212121,#212121,#212121,#212121,#212121
I Feel Fine,1964,A Collection of Beatles Oldies,Lennon,#ff336d,#33d4ff,#282828,#282828,#282828,#282828,#abff33,0,1,0,0,0,1,145,#fcfcfc,#fcfcfc,#fcfcfc,#212121,#212121,#212121,#212121,#212121,#212121,#212121,#212121,#212121,#212121,#212121,#212121
A Hard Day's Night,1964,A Hard Day's Night,Lennon,#ff336d,#282828,#282828,#282828,#282828,#282828,#282828,0,1,0,0,0,1,152,#fcfcfc,#fcfcfc,#fcfcfc,#fcfcfc,#212121,#212121,#212121,#212121,#212121,#212121,#212121,#212121,#212121,#212121,#212121
And I Love Her,1964,A Hard Day's Night,Lennon and McCartney,#282828,#33d4ff,#282828,#282828,#282828,#282828,#282828,0,0,1,0,0,12,152,#fcfcfc,#fcfcfc,#fcfcfc,#fcfcfc,#212121,#212121,#212121,#212121,#212121,#212121,#212121,#212121,#212121,#212121,#212121
Any Time at All,1964,A Hard Day's Night,Lennon and McCartney,#ff336d,#282828,#282828,#282828,#282828,#282828,#282828,0,0,1,0,0,,133,#fcfcfc,#fcfcfc,#fcfcfc,#212121,#212121,#212121,#212121,#212121,#212121,#212121,#212121,#212121,#212121,#212121,#212121
Can't Buy Me Love,1964,A Hard Day's Night,McCartney,#ff336d,#33d4ff,#282828,#282828,#282828,#282828,#282828,0,0,0,1,0,1,131,#fcfcfc,#fcfcfc,#fcfcfc,#212121,#212121,#212121,#212121,#212121,#212121,#212121,#212121,#212121,#212121,#212121,#212121
I Should Have Known Better,1964,A Hard Day's Night,Lennon,#ff336d,#33d4ff,#282828,#282828,#282828,#282828,#282828,0,1,0,0,0,53,164,#fcfcfc,#fcfcfc,#fcfcfc,#fcfcfc,#212121,#212121,#212121,#212121,#212121,#212121,#212121,#212121,#212121,#212121,#212121
I'll Be Back,1964,A Hard Day's Night,Lennon,#ff336d,#33d4ff,#282828,#282828,#282828,#282828,#282828,0,1,0,0,0,,140,#fcfcfc,#fcfcfc,#fcfcfc,#212121,#212121,#212121,#212121,#212121,#212121,#212121,#212121,#212121,#212121,#212121,#212121
I'll Cry Instead,1964,A Hard Day's Night,Lennon,#282828,#282828,#ffc933,#282828,#282828,#ff8f33,#282828,0,1,0,0,0,25,129,#fcfcfc,#fcfcfc,#fcfcfc,#212121,#212121,#212121,#212121,#212121,#212121,#212121,#212121,#212121,#212121,#212121,#212121
I'm Happy Just to Dance with You,1964,A Hard Day's Night,Lennon and McCartney,#ff336d,#282828,#282828,#282828,#282828,#282828,#282828,0,0,1,0,0,95,118,#fcfcfc,#fcfcfc,#212121,#212121,#212121,#212121,#212121,#212121,#212121,#212121,#212121,#212121,#212121,#212121,#212121
If I Fell,1964,A Hard Day's Night,Lennon,#282828,#33d4ff,#282828,#282828,#282828,#282828,#282828,0,1,0,0,0,53,142,#fcfcfc,#fcfcfc,#fcfcfc,#212121,#212121,#212121,#212121,#212121,#212121,#212121,#212121,#212121,#212121,#212121,#212121
Tell Me Why,1964,A Hard Day's Night,Lennon,#282828,#282828,#282828,#282828,#282828,#ff8f33,#282828,0,1,0,0,0,,130,#fcfcfc,#fcfcfc,#fcfcfc,#212121,#212121,#212121,#212121,#212121,#212121,#212121,#212121,#212121,#212121,#212121,#212121
Things We Said Today,1964,A Hard Day's Night,McCartney,#ff336d,#282828,#282828,#282828,#282828,#282828,#282828,0,0,0,1,0,,158,#fcfcfc,#fcfcfc,#fcfcfc,#fcfcfc,#212121,#212121,#212121,#212121,#212121,#212121,#212121,#212121,#212121,#212121,#212121
When I Get Home,1964,A Hard Day's Night,Lennon,#282828,#282828,#282828,#282828,#282828,#ff8f33,#282828,0,1,0,0,0,,138,#fcfcfc,#fcfcfc,#fcfcfc,#212121,#212121,#212121,#212121,#212121,#212121,#212121,#212121,#212121,#212121,#212121,#212121
You Can't Do That,1964,A Hard Day's Night,Lennon,#282828,#282828,#282828,#282828,#336dff,#ff8f33,#282828,0,1,0,0,0,48,157,#fcfcfc,#fcfcfc,#fcfcfc,#fcfcfc,#212121,#212121,#212121,#212121,#212121,#212121,#212121,#212121,#212121,#212121,#212121
You Know What to Do,1964,Anthology 1,Harrison,#282828,#282828,#282828,#282828,#282828,#282828,#abff33,1,0,0,0,0,,119,#fcfcfc,#fcfcfc,#212121,#212121,#212121,#212121,#212121,#212121,#212121,#212121,#212121,#212121,#212121,#212121,#212121
Baby's in Black,1964,Beatles for Sale,Lennon and McCartney,#ff336d,#282828,#ffc933,#282828,#282828,#282828,#282828,0,0,1,0,0,,122,#fcfcfc,#fcfcfc,#fcfcfc,#212121,#212121,#212121,#212121,#212121,#212121,#212121,#212121,#212121,#212121,#212121,#212121
Eight Days a Week,1964,Beatles for Sale,Lennon and McCartney,#ff336d,#282828,#282828,#282828,#282828,#282828,#282828,0,0,1,0,0,1,164,#fcfcfc,#fcfcfc,#fcfcfc,#fcfcfc,#212121,#212121,#212121,#212121,#212121,#212121,#212121,#212121,#212121,#212121,#212121
Every Little Thing,1964,Beatles for Sale,McCartney,#ff336d,#282828,#282828,#282828,#282828,#282828,#282828,0,0,0,1,0,,121,#fcfcfc,#fcfcfc,#fcfcfc,#212121,#212121,#212121,#212121,#212121,#212121,#212121,#212121,#212121,#212121,#212121,#212121
I Don't Want to Spoil the Party,1964,Beatles for Sale,Lennon,#ff336d,#33d4ff,#ffc933,#282828,#282828,#282828,#282828,0,1,0,0,0,39,153,#fcfcfc,#fcfcfc,#fcfcfc,#fcfcfc,#212121,#212121,#212121,#212121,#212121,#212121,#212121,#212121,#212121,#212121,#212121
I'll Follow the Sun,1964,Beatles for Sale,McCartney,#ff336d,#282828,#ffc933,#282828,#282828,#282828,#282828,0,0,0,1,0,,106,#fcfcfc,#fcfcfc,#212121,#212121,#212121,#212121,#212121,#212121,#212121,#212121,#212121,#212121,#212121,#212121,#212121
I'm a Loser,1964,Beatles for Sale,Lennon,#ff336d,#282828,#ffc933,#282828,#282828,#282828,#282828,0,1,0,0,0,,151,#fcfcfc,#fcfcfc,#fcfcfc,#fcfcfc,#212121,#212121,#212121,#212121,#212121,#212121,#212121,#212121,#212121,#212121,#212121
No Reply,1964,Beatles for Sale,Lennon and McCartney,#ff336d,#282828,#ffc933,#282828,#282828,#282828,#282828,0,0,1,0,0,,135,#fcfcfc,#fcfcfc,#fcfcfc,#212121,#212121,#212121,#212121,#212121,#212121,#212121,#212121,#212121,#212121,#212121,#212121
What You're Doing,1964,Beatles for Sale,McCartney,#ff336d,#282828,#282828,#282828,#282828,#282828,#282828,0,0,0,1,0,,150,#fcfcfc,#fcfcfc,#fcfcfc,#212121,#212121,#212121,#212121,#212121,#212121,#212121,#212121,#212121,#212121,#212121,#212121
I Call Your Name,1964,Past Masters Volume 1,Lennon,#ff336d,#282828,#282828,#282828,#282828,#282828,#282828,0,1,0,0,0,,129,#fcfcfc,#fcfcfc,#fcfcfc,#212121,#212121,#212121,#212121,#212121,#212121,#212121,#212121,#212121,#212121,#212121,#212121
Komm Gib Mir Deine Hand,1964,Rarities,Lennon and McCartney,#282828,#282828,#282828,#282828,#282828,#ff8f33,#282828,0,0,1,0,0,,146,#fcfcfc,#fcfcfc,#fcfcfc,#212121,#212121,#212121,#212121,#212121,#212121,#212121,#212121,#212121,#212121,#212121,#212121
She's a Woman,1964,Rarities,McCartney,#282828,#282828,#282828,#282828,#336dff,#ff8f33,#282828,0,0,0,1,0,4,183,#fcfcfc,#fcfcfc,#fcfcfc,#fcfcfc,#fcfcfc,#212121,#212121,#212121,#212121,#212121,#212121,#212121,#212121,#212121,#212121
Sie Liebt Dich,1964,Rarities,Lennon and McCartney,#282828,#282828,#282828,#282828,#282828,#ff8f33,#282828,0,0,1,0,0,97,146,#fcfcfc,#fcfcfc,#fcfcfc,#212121,#212121,#212121,#212121,#212121,#212121,#212121,#212121,#212121,#212121,#212121,#212121
Woman,1965,0,McCartney,#ff336d,#282828,#ffc933,#282828,#282828,#282828,#282828,0,0,0,1,0,,145,#fcfcfc,#fcfcfc,#fcfcfc,#212121,#212121,#212121,#212121,#212121,#212121,#212121,#212121,#212121,#212121,#212121,#212121
Day Tripper,1965,A Collection of Beatles Oldies,Lennon and McCartney,#ff336d,#282828,#282828,#282828,#282828,#282828,#282828,0,0,1,0,0,5,170,#fcfcfc,#fcfcfc,#fcfcfc,#fcfcfc,#212121,#212121,#212121,#212121,#212121,#212121,#212121,#212121,#212121,#212121,#212121
We Can Work It Out,1965,A Collection of Beatles Oldies,Lennon and McCartney,#ff336d,#282828,#ffc933,#282828,#282828,#282828,#282828,0,0,1,0,0,1,135,#fcfcfc,#fcfcfc,#fcfcfc,#212121,#212121,#212121,#212121,#212121,#212121,#212121,#212121,#212121,#212121,#212121,#212121
12-Bar Original,1965,Anthology 2,Lennon McCartney�Harrison�andStarkey,#282828,#282828,#282828,#282828,#336dff,#282828,#282828,0,0,0,0,0,,174,#fcfcfc,#fcfcfc,#fcfcfc,#fcfcfc,#212121,#212121,#212121,#212121,#212121,#212121,#212121,#212121,#212121,#212121,#212121
If You've Got Trouble,1965,Anthology 2,Lennon and McCartney,#ff336d,#282828,#282828,#282828,#282828,#282828,#282828,0,0,1,0,0,,169,#fcfcfc,#fcfcfc,#fcfcfc,#fcfcfc,#212121,#212121,#212121,#212121,#212121,#212121,#212121,#212121,#212121,#212121,#212121
That Means a Lot,1965,Anthology 2,McCartney,#ff336d,#282828,#282828,#282828,#282828,#282828,#282828,0,0,0,1,0,,146,#fcfcfc,#fcfcfc,#fcfcfc,#212121,#212121,#212121,#212121,#212121,#212121,#212121,#212121,#212121,#212121,#212121,#212121
Another Girl,1965,Help!,McCartney,#ff336d,#282828,#ffc933,#282828,#282828,#282828,#282828,0,0,0,1,0,,124,#fcfcfc,#fcfcfc,#fcfcfc,#212121,#212121,#212121,#212121,#212121,#212121,#212121,#212121,#212121,#212121,#212121,#212121
Help!,1965,Help!,Lennon and McCartney,#ff336d,#282828,#ffc933,#282828,#282828,#282828,#282828,0,0,1,0,0,1,138,#fcfcfc,#fcfcfc,#fcfcfc,#212121,#212121,#212121,#212121,#212121,#212121,#212121,#212121,#212121,#212121,#212121,#212121
I Need You,1965,Help!,Harrison,#ff336d,#33d4ff,#282828,#282828,#282828,#282828,#282828,1,0,0,0,0,,148,#fcfcfc,#fcfcfc,#fcfcfc,#212121,#212121,#212121,#212121,#212121,#212121,#212121,#212121,#212121,#212121,#212121,#212121
I've Just Seen a Face,1965,Help!,McCartney,#ff336d,#33d4ff,#ffc933,#282828,#282828,#282828,#282828,0,0,0,1,0,,127,#fcfcfc,#fcfcfc,#fcfcfc,#212121,#212121,#212121,#212121,#212121,#212121,#212121,#212121,#212121,#212121,#212121,#212121
It's Only Love,1965,Help!,Lennon,#ff336d,#282828,#ffc933,#282828,#282828,#282828,#282828,0,1,0,0,0,,115,#fcfcfc,#fcfcfc,#212121,#212121,#212121,#212121,#212121,#212121,#212121,#212121,#212121,#212121,#212121,#212121,#212121
Tell Me What You See,1965,Help!,Lennon and McCartney,#ff336d,#282828,#282828,#282828,#282828,#282828,#282828,0,0,1,0,0,,156,#fcfcfc,#fcfcfc,#fcfcfc,#fcfcfc,#212121,#212121,#212121,#212121,#212121,#212121,#212121,#212121,#212121,#212121,#212121
The Night Before,1965,Help!,McCartney,#ff336d,#33d4ff,#282828,#282828,#282828,#282828,#282828,0,0,0,1,0,,153,#fcfcfc,#fcfcfc,#fcfcfc,#fcfcfc,#212121,#212121,#212121,#212121,#212121,#212121,#212121,#212121,#212121,#212121,#212121
Ticket to Ride,1965,Help!,Lennon,#ff336d,#33d4ff,#ffc933,#282828,#282828,#282828,#abff33,0,1,0,0,0,1,190,#fcfcfc,#fcfcfc,#fcfcfc,#fcfcfc,#fcfcfc,#212121,#212121,#212121,#212121,#212121,#212121,#212121,#212121,#212121,#212121
Yesterday,1965,Help!,McCartney,#282828,#33d4ff,#282828,#282828,#282828,#282828,#abff33,0,0,0,1,0,1,123,#fcfcfc,#fcfcfc,#fcfcfc,#212121,#212121,#212121,#212121,#212121,#212121,#212121,#212121,#212121,#212121,#212121,#212121
You Like Me Too Much,1965,Help!,Harrison,#ff336d,#33d4ff,#282828,#282828,#282828,#282828,#282828,1,0,0,0,0,,155,#fcfcfc,#fcfcfc,#fcfcfc,#fcfcfc,#212121,#212121,#212121,#212121,#212121,#212121,#212121,#212121,#212121,#212121,#212121
You're Going to Lose That Girl,1965,Help!,Lennon,#ff336d,#33d4ff,#282828,#282828,#282828,#282828,#282828,0,1,0,0,0,,140,#fcfcfc,#fcfcfc,#fcfcfc,#212121,#212121,#212121,#212121,#212121,#212121,#212121,#212121,#212121,#212121,#212121,#212121
You've Got to Hide Your Love Away,1965,Help!,Lennon,#ff336d,#282828,#ffc933,#282828,#282828,#282828,#282828,0,1,0,0,0,,131,#fcfcfc,#fcfcfc,#fcfcfc,#212121,#212121,#212121,#212121,#212121,#212121,#212121,#212121,#212121,#212121,#212121,#212121
Yes It Is,1965,Rarities,Lennon,#282828,#33d4ff,#282828,#282828,#282828,#282828,#282828,0,1,0,0,0,46,161,#fcfcfc,#fcfcfc,#fcfcfc,#fcfcfc,#212121,#212121,#212121,#212121,#212121,#212121,#212121,#212121,#212121,#212121,#212121
I'm Down,1965,Rock 'n' Roll Music,McCartney,#282828,#282828,#282828,#282828,#282828,#ff8f33,#282828,0,0,0,1,0,101,153,#fcfcfc,#fcfcfc,#fcfcfc,#fcfcfc,#212121,#212121,#212121,#212121,#212121,#212121,#212121,#212121,#212121,#212121,#212121
Drive My Car,1965,Rubber Soul,Lennon and McCartney,#ff336d,#282828,#282828,#282828,#282828,#282828,#282828,0,0,1,0,0,,148,#fcfcfc,#fcfcfc,#fcfcfc,#212121,#212121,#212121,#212121,#212121,#212121,#212121,#212121,#212121,#212121,#212121,#212121
Girl,1965,Rubber Soul,Lennon,#282828,#282828,#ffc933,#282828,#282828,#282828,#282828,0,1,0,0,0,,153,#fcfcfc,#fcfcfc,#fcfcfc,#fcfcfc,#212121,#212121,#212121,#212121,#212121,#212121,#212121,#212121,#212121,#212121,#212121
I'm Looking Through You,1965,Rubber Soul,McCartney,#ff336d,#282828,#ffc933,#282828,#282828,#282828,#282828,0,0,0,1,0,,147,#fcfcfc,#fcfcfc,#fcfcfc,#212121,#212121,#212121,#212121,#212121,#212121,#212121,#212121,#212121,#212121,#212121,#212121
If I Needed Someone,1965,Rubber Soul,Harrison,#ff336d,#33d4ff,#ffc933,#282828,#282828,#282828,#abff33,1,0,0,0,0,,143,#fcfcfc,#fcfcfc,#fcfcfc,#212121,#212121,#212121,#212121,#212121,#212121,#212121,#212121,#212121,#212121,#212121,#212121
In My Life,1965,Rubber Soul,Lennon and McCartney,#ff336d,#33d4ff,#282828,#282828,#282828,#282828,#abff33,0,0,1,0,0,,148,#fcfcfc,#fcfcfc,#fcfcfc,#212121,#212121,#212121,#212121,#212121,#212121,#212121,#212121,#212121,#212121,#212121,#212121
Michelle,1965,Rubber Soul,Lennon and McCartney,#282828,#33d4ff,#282828,#282828,#282828,#282828,#282828,0,0,1,0,0,,160,#fcfcfc,#fcfcfc,#fcfcfc,#fcfcfc,#212121,#212121,#212121,#212121,#212121,#212121,#212121,#212121,#212121,#212121,#212121
Norwegian Wood (This Bird Has Flown),1965,Rubber Soul,Lennon and McCartney,#ff336d,#282828,#ffc933,#282828,#282828,#282828,#abff33,0,0,1,0,0,,125,#fcfcfc,#fcfcfc,#fcfcfc,#212121,#212121,#212121,#212121,#212121,#212121,#212121,#212121,#212121,#212121,#212121,#212121
Nowhere Man,1965,Rubber Soul,Lennon,#ff336d,#282828,#ffc933,#282828,#282828,#282828,#282828,0,1,0,0,0,3,164,#fcfcfc,#fcfcfc,#fcfcfc,#fcfcfc,#212121,#212121,#212121,#212121,#212121,#212121,#212121,#212121,#212121,#212121,#212121
Run for Your Life,1965,Rubber Soul,Lennon and McCartney,#ff336d,#33d4ff,#282828,#282828,#282828,#ff8f33,#282828,0,0,1,0,0,,138,#fcfcfc,#fcfcfc,#fcfcfc,#212121,#212121,#212121,#212121,#212121,#212121,#212121,#212121,#212121,#212121,#212121,#212121
The Word,1965,Rubber Soul,Lennon and McCartney,#ff336d,#282828,#282828,#282828,#282828,#282828,#282828,0,0,1,0,0,,161,#fcfcfc,#fcfcfc,#fcfcfc,#fcfcfc,#212121,#212121,#212121,#212121,#212121,#212121,#212121,#212121,#212121,#212121,#212121
Think for Yourself,1965,Rubber Soul,Harrison,#ff336d,#282828,#282828,#282828,#282828,#282828,#282828,1,0,0,0,0,,138,#fcfcfc,#fcfcfc,#fcfcfc,#212121,#212121,#212121,#212121,#212121,#212121,#212121,#212121,#212121,#212121,#212121,#212121
Wait,1965,Rubber Soul,Lennon and McCartney,#ff336d,#282828,#ffc933,#282828,#282828,#282828,#282828,0,0,1,0,0,,136,#fcfcfc,#fcfcfc,#fcfcfc,#212121,#212121,#212121,#212121,#212121,#212121,#212121,#212121,#212121,#212121,#212121,#212121
What Goes On,1965,Rubber Soul,Lennon and McCartney with Starkey,#ff336d,#282828,#ffc933,#282828,#282828,#282828,#282828,0,0,0,0,0,81,170,#fcfcfc,#fcfcfc,#fcfcfc,#fcfcfc,#212121,#212121,#212121,#212121,#212121,#212121,#212121,#212121,#212121,#212121,#212121
You Won't See Me,1965,Rubber Soul,McCartney,#ff336d,#33d4ff,#282828,#282828,#282828,#282828,#282828,0,0,0,1,0,,202,#fcfcfc,#fcfcfc,#fcfcfc,#fcfcfc,#fcfcfc,#212121,#212121,#212121,#212121,#212121,#212121,#212121,#212121,#212121,#212121
Paperback Writer,1966,A Collection of Beatles Oldies,McCartney,#ff336d,#33d4ff,#282828,#f933ff,#282828,#282828,#abff33,0,0,0,1,0,1,138,#fcfcfc,#fcfcfc,#fcfcfc,#212121,#212121,#212121,#212121,#212121,#212121,#212121,#212121,#212121,#212121,#212121,#212121
Penny Lane,1966,Magical Mystery Tour,McCartney,#282828,#33d4ff,#282828,#f933ff,#282828,#282828,#abff33,0,0,0,1,0,1,183,#fcfcfc,#fcfcfc,#fcfcfc,#fcfcfc,#fcfcfc,#212121,#212121,#212121,#212121,#212121,#212121,#212121,#212121,#212121,#212121
Strawberry Fields Forever,1966,Magical Mystery Tour,Lennon,#ff336d,#33d4ff,#282828,#f933ff,#282828,#282828,#abff33,0,1,0,0,0,8,245,#fcfcfc,#fcfcfc,#fcfcfc,#fcfcfc,#fcfcfc,#fcfcfc,#fcfcfc,#212121,#212121,#212121,#212121,#212121,#212121,#212121,#212121
Rain,1966,Rarities,Lennon,#ff336d,#282828,#282828,#f933ff,#282828,#282828,#282828,0,1,0,0,0,23,179,#fcfcfc,#fcfcfc,#fcfcfc,#fcfcfc,#212121,#212121,#212121,#212121,#212121,#212121,#212121,#212121,#212121,#212121,#212121
And Your Bird Can Sing,1966,Revolver,Lennon and McCartney,#ff336d,#33d4ff,#ffc933,#f933ff,#282828,#282828,#282828,0,0,1,0,0,,121,#fcfcfc,#fcfcfc,#fcfcfc,#212121,#212121,#212121,#212121,#212121,#212121,#212121,#212121,#212121,#212121,#212121,#212121
Doctor Robert,1966,Revolver,Lennon and McCartney,#ff336d,#282828,#282828,#f933ff,#282828,#282828,#282828,0,0,1,0,0,,135,#fcfcfc,#fcfcfc,#fcfcfc,#212121,#212121,#212121,#212121,#212121,#212121,#212121,#212121,#212121,#212121,#212121,#212121
Eleanor Rigby,1966,Revolver,McCartney,#282828,#33d4ff,#282828,#282828,#282828,#282828,#abff33,0,0,0,1,0,11,128,#fcfcfc,#fcfcfc,#fcfcfc,#212121,#212121,#212121,#212121,#212121,#212121,#212121,#212121,#212121,#212121,#212121,#212121
For No One,1966,Revolver,McCartney,#282828,#33d4ff,#282828,#282828,#282828,#282828,#abff33,0,0,0,1,0,,121,#fcfcfc,#fcfcfc,#fcfcfc,#212121,#212121,#212121,#212121,#212121,#212121,#212121,#212121,#212121,#212121,#212121,#212121
Good Day Sunshine,1966,Revolver,McCartney,#ff336d,#282828,#282828,#282828,#282828,#282828,#282828,0,0,0,1,0,,129,#fcfcfc,#fcfcfc,#fcfcfc,#212121,#212121,#212121,#212121,#212121,#212121,#212121,#212121,#212121,#212121,#212121,#212121
Got to Get You into My Life,1966,Revolver,McCartney,#ff336d,#282828,#282828,#282828,#336dff,#282828,#282828,0,0,0,1,0,7,147,#fcfcfc,#fcfcfc,#fcfcfc,#212121,#212121,#212121,#212121,#212121,#212121,#212121,#212121,#212121,#212121,#212121,#212121
Here There and Everywhere,1966,Revolver,McCartney,#ff336d,#33d4ff,#282828,#282828,#282828,#282828,#abff33,0,0,0,1,0,,145,#fcfcfc,#fcfcfc,#fcfcfc,#212121,#212121,#212121,#212121,#212121,#212121,#212121,#212121,#212121,#212121,#212121,#212121
I Want to Tell You,1966,Revolver,Harrison,#ff336d,#282828,#282828,#f933ff,#282828,#282828,#282828,1,0,0,0,0,,149,#fcfcfc,#fcfcfc,#fcfcfc,#212121,#212121,#212121,#212121,#212121,#212121,#212121,#212121,#212121,#212121,#212121,#212121
I'm Only Sleeping,1966,Revolver,Lennon,#ff336d,#282828,#282828,#f933ff,#282828,#282828,#282828,0,1,0,0,0,,182,#fcfcfc,#fcfcfc,#fcfcfc,#fcfcfc,#fcfcfc,#212121,#212121,#212121,#212121,#212121,#212121,#212121,#212121,#212121,#212121
Love You To,1966,Revolver,Harrison,#ff336d,#282828,#282828,#282828,#282828,#282828,#abff33,1,0,0,0,0,,181,#fcfcfc,#fcfcfc,#fcfcfc,#fcfcfc,#fcfcfc,#212121,#212121,#212121,#212121,#212121,#212121,#212121,#212121,#212121,#212121
She Said She Said,1966,Revolver,Lennon,#ff336d,#282828,#282828,#f933ff,#282828,#282828,#abff33,0,1,0,0,0,,157,#fcfcfc,#fcfcfc,#fcfcfc,#fcfcfc,#212121,#212121,#212121,#212121,#212121,#212121,#212121,#212121,#212121,#212121,#212121
Taxman,1966,Revolver,Harrison,#ff336d,#282828,#282828,#f933ff,#282828,#282828,#abff33,1,0,0,0,0,,159,#fcfcfc,#fcfcfc,#fcfcfc,#fcfcfc,#212121,#212121,#212121,#212121,#212121,#212121,#212121,#212121,#212121,#212121,#212121
Tomorrow Never Knows,1966,Revolver,Lennon,#ff336d,#282828,#282828,#f933ff,#282828,#282828,#abff33,0,1,0,0,0,,178,#fcfcfc,#fcfcfc,#fcfcfc,#fcfcfc,#212121,#212121,#212121,#212121,#212121,#212121,#212121,#212121,#212121,#212121,#212121
Yellow Submarine,1966,Revolver,McCartney,#282828,#33d4ff,#ffc933,#282828,#282828,#282828,#abff33,0,0,0,1,0,2,158,#fcfcfc,#fcfcfc,#fcfcfc,#fcfcfc,#212121,#212121,#212121,#212121,#212121,#212121,#212121,#212121,#212121,#212121,#212121
When I'm Sixty-Four,1966,Sgt. Pepper's Lonely Hearts Club Band,McCartney,#282828,#33d4ff,#282828,#282828,#282828,#282828,#abff33,0,0,0,1,0,,157,#fcfcfc,#fcfcfc,#fcfcfc,#fcfcfc,#212121,#212121,#212121,#212121,#212121,#212121,#212121,#212121,#212121,#212121,#212121
Carnival of Light,1967,0,McCartney,#ff336d,#282828,#282828,#f933ff,#282828,#282828,#abff33,0,0,0,1,0,,,#212121,#212121,#212121,#212121,#212121,#212121,#212121,#212121,#212121,#212121,#212121,#212121,#212121,#212121,#212121
All You Need Is Love,1967,Magical Mystery Tour,Lennon,#282828,#33d4ff,#282828,#282828,#282828,#282828,#282828,0,1,0,0,0,1,237,#fcfcfc,#fcfcfc,#fcfcfc,#fcfcfc,#fcfcfc,#fcfcfc,#212121,#212121,#212121,#212121,#212121,#212121,#212121,#212121,#212121
Baby You're a Rich Man,1967,Magical Mystery Tour,Lennon and McCartney,#ff336d,#33d4ff,#282828,#f933ff,#282828,#282828,#282828,0,0,1,0,0,34,183,#fcfcfc,#fcfcfc,#fcfcfc,#fcfcfc,#fcfcfc,#212121,#212121,#212121,#212121,#212121,#212121,#212121,#212121,#212121,#212121
Blue Jay Way,1967,Magical Mystery Tour,Harrison,#ff336d,#282828,#282828,#f933ff,#282828,#282828,#282828,1,0,0,0,0,,236,#fcfcfc,#fcfcfc,#fcfcfc,#fcfcfc,#fcfcfc,#fcfcfc,#212121,#212121,#212121,#212121,#212121,#212121,#212121,#212121,#212121
Flying,1967,Magical Mystery Tour,Lennon McCartney Harrison and Starkey,#ff336d,#282828,#282828,#f933ff,#282828,#282828,#abff33,0,0,0,0,0,,137,#fcfcfc,#fcfcfc,#fcfcfc,#212121,#212121,#212121,#212121,#212121,#212121,#212121,#212121,#212121,#212121,#212121,#212121
Hello Goodbye,1967,Magical Mystery Tour,McCartney,#282828,#33d4ff,#282828,#282828,#282828,#282828,#282828,0,0,0,1,0,1,207,#fcfcfc,#fcfcfc,#fcfcfc,#fcfcfc,#fcfcfc,#212121,#212121,#212121,#212121,#212121,#212121,#212121,#212121,#212121,#212121
I Am the Walrus,1967,Magical Mystery Tour,Lennon,#ff336d,#282828,#282828,#f933ff,#282828,#282828,#282828,0,1,0,0,0,56,273,#fcfcfc,#fcfcfc,#fcfcfc,#fcfcfc,#fcfcfc,#fcfcfc,#fcfcfc,#fcfcfc,#212121,#212121,#212121,#212121,#212121,#212121,#212121
Magical Mystery Tour,1967,Magical Mystery Tour,Lennon and McCartney,#ff336d,#282828,#282828,#f933ff,#282828,#282828,#282828,0,0,1,0,0,,171,#fcfcfc,#fcfcfc,#fcfcfc,#fcfcfc,#212121,#212121,#212121,#212121,#212121,#212121,#212121,#212121,#212121,#212121,#212121
The Fool on the Hill,1967,Magical Mystery Tour,McCartney,#282828,#33d4ff,#282828,#282828,#282828,#282828,#282828,0,0,0,1,0,,180,#fcfcfc,#fcfcfc,#fcfcfc,#fcfcfc,#212121,#212121,#212121,#212121,#212121,#212121,#212121,#212121,#212121,#212121,#212121
Your Mother Should Know,1967,Magical Mystery Tour,McCartney,#282828,#33d4ff,#282828,#282828,#282828,#282828,#abff33,0,0,0,1,0,,149,#fcfcfc,#fcfcfc,#fcfcfc,#212121,#212121,#212121,#212121,#212121,#212121,#212121,#212121,#212121,#212121,#212121,#212121
You Know My Name (Look Up the Number),1967,Rarities,Lennon and McCartney,#ff336d,#282828,#282828,#282828,#282828,#282828,#abff33,0,0,1,0,0,,261,#fcfcfc,#fcfcfc,#fcfcfc,#fcfcfc,#fcfcfc,#fcfcfc,#fcfcfc,#212121,#212121,#212121,#212121,#212121,#212121,#212121,#212121
A Day in the Life,1967,Sgt. Pepper's Lonely Hearts Club Band,Lennon and McCartney,#ff336d,#282828,#282828,#f933ff,#282828,#282828,#abff33,0,0,1,0,0,,335,#fcfcfc,#fcfcfc,#fcfcfc,#fcfcfc,#fcfcfc,#fcfcfc,#fcfcfc,#fcfcfc,#fcfcfc,#fcfcfc,#212121,#212121,#212121,#212121,#212121
Being for the Benefit of Mr. Kite!,1967,Sgt. Pepper's Lonely Hearts Club Band,Lennon and McCartney,#ff336d,#33d4ff,#282828,#f933ff,#282828,#282828,#abff33,0,0,1,0,0,,157,#fcfcfc,#fcfcfc,#fcfcfc,#fcfcfc,#212121,#212121,#212121,#212121,#212121,#212121,#212121,#212121,#212121,#212121,#212121
Getting Better,1967,Sgt. Pepper's Lonely Hearts Club Band,Lennon and McCartney,#ff336d,#33d4ff,#282828,#f933ff,#282828,#282828,#282828,0,0,1,0,0,,167,#fcfcfc,#fcfcfc,#fcfcfc,#fcfcfc,#212121,#212121,#212121,#212121,#212121,#212121,#212121,#212121,#212121,#212121,#212121
Good Morning Good Morning,1967,Sgt. Pepper's Lonely Hearts Club Band,Lennon,#ff336d,#282828,#282828,#282828,#282828,#282828,#282828,0,1,0,0,0,,161,#fcfcfc,#fcfcfc,#fcfcfc,#fcfcfc,#212121,#212121,#212121,#212121,#212121,#212121,#212121,#212121,#212121,#212121,#212121
Lovely Rita,1967,Sgt. Pepper's Lonely Hearts Club Band,McCartney,#ff336d,#33d4ff,#282828,#f933ff,#282828,#282828,#abff33,0,0,0,1,0,,162,#fcfcfc,#fcfcfc,#fcfcfc,#fcfcfc,#212121,#212121,#212121,#212121,#212121,#212121,#212121,#212121,#212121,#212121,#212121
Lucy in the Sky with Diamonds,1967,Sgt. Pepper's Lonely Hearts Club Band,Lennon and McCartney,#ff336d,#282828,#282828,#f933ff,#282828,#282828,#282828,0,0,1,0,0,,208,#fcfcfc,#fcfcfc,#fcfcfc,#fcfcfc,#fcfcfc,#212121,#212121,#212121,#212121,#212121,#212121,#212121,#212121,#212121,#212121
Sgt. Pepper's Lonely Hearts Club Band (Reprise),1967,Sgt. Pepper's Lonely Hearts Club Band,McCartney,#ff336d,#282828,#282828,#f933ff,#282828,#282828,#abff33,0,0,0,1,0,,122,#fcfcfc,#fcfcfc,#fcfcfc,#212121,#212121,#212121,#212121,#212121,#212121,#212121,#212121,#212121,#212121,#212121,#212121
She's Leaving Home,1967,Sgt. Pepper's Lonely Hearts Club Band,Lennon and McCartney,#282828,#33d4ff,#282828,#282828,#282828,#282828,#282828,0,0,1,0,0,,206,#fcfcfc,#fcfcfc,#fcfcfc,#fcfcfc,#fcfcfc,#212121,#212121,#212121,#212121,#212121,#212121,#212121,#212121,#212121,#212121
With a Little Help from My Friends,1967,Sgt. Pepper's Lonely Hearts Club Band,Lennon and McCartney,#ff336d,#282828,#282828,#282828,#336dff,#282828,#abff33,0,0,1,0,0,71,164,#fcfcfc,#fcfcfc,#fcfcfc,#fcfcfc,#212121,#212121,#212121,#212121,#212121,#212121,#212121,#212121,#212121,#212121,#212121
Within You Without You,1967,Sgt. Pepper's Lonely Hearts Club Band,Harrison,#ff336d,#282828,#282828,#282828,#282828,#282828,#abff33,1,0,0,0,0,,305,#fcfcfc,#fcfcfc,#fcfcfc,#fcfcfc,#fcfcfc,#fcfcfc,#fcfcfc,#fcfcfc,#fcfcfc,#212121,#212121,#212121,#212121,#212121,#212121
Christmas Time (Is Here Again),1967,The Beatles' Christmas Album,Lennon McCartney Harrison and Starkey,#ff336d,#33d4ff,#282828,#282828,#282828,#282828,#282828,0,0,0,0,0,,183,#fcfcfc,#fcfcfc,#fcfcfc,#fcfcfc,#fcfcfc,#212121,#212121,#212121,#212121,#212121,#212121,#212121,#212121,#212121,#212121
All Together Now,1967,Yellow Submarine,Lennon and McCartney,#282828,#282828,#282828,#282828,#282828,#282828,#282828,0,0,1,0,0,,130,#fcfcfc,#fcfcfc,#fcfcfc,#212121,#212121,#212121,#212121,#212121,#212121,#212121,#212121,#212121,#212121,#212121,#212121
It's All Too Much,1967,Yellow Submarine,Harrison,#ff336d,#282828,#282828,#f933ff,#282828,#282828,#abff33,1,0,0,0,0,,388,#fcfcfc,#fcfcfc,#fcfcfc,#fcfcfc,#fcfcfc,#fcfcfc,#fcfcfc,#fcfcfc,#fcfcfc,#fcfcfc,#fcfcfc,#212121,#212121,#212121,#212121
Only a Northern Song,1967,Yellow Submarine,Harrison,#ff336d,#282828,#282828,#f933ff,#282828,#282828,#abff33,1,0,0,0,0,,207,#fcfcfc,#fcfcfc,#fcfcfc,#fcfcfc,#fcfcfc,#212121,#212121,#212121,#212121,#212121,#212121,#212121,#212121,#212121,#212121
Child of Nature,1968,0,Lennon,#ff336d,#282828,#282828,#282828,#282828,#282828,#282828,0,1,0,0,0,,254,#fcfcfc,#fcfcfc,#fcfcfc,#fcfcfc,#fcfcfc,#fcfcfc,#fcfcfc,#212121,#212121,#212121,#212121,#212121,#212121,#212121,#212121
Circles,1968,0,Harrison,#282828,#282828,#282828,#282828,#282828,#282828,#abff33,1,0,0,0,0,,226,#fcfcfc,#fcfcfc,#fcfcfc,#fcfcfc,#fcfcfc,#fcfcfc,#212121,#212121,#212121,#212121,#212121,#212121,#212121,#212121,#212121
Heather,1968,0,McCartney,#ff336d,#282828,#282828,#282828,#282828,#282828,#282828,0,0,0,1,0,,130,#fcfcfc,#fcfcfc,#fcfcfc,#212121,#212121,#212121,#212121,#212121,#212121,#212121,#212121,#212121,#212121,#212121,#212121
Sour Milk Sea,1968,0,Harrison,#ff336d,#282828,#282828,#f933ff,#282828,#282828,#abff33,1,0,0,0,0,,234,#fcfcfc,#fcfcfc,#fcfcfc,#fcfcfc,#fcfcfc,#fcfcfc,#212121,#212121,#212121,#212121,#212121,#212121,#212121,#212121,#212121
Hey Jude,1968,1967-1970,McCartney,#ff336d,#33d4ff,#282828,#282828,#282828,#282828,#282828,0,0,0,1,0,1,431,#fcfcfc,#fcfcfc,#fcfcfc,#fcfcfc,#fcfcfc,#fcfcfc,#fcfcfc,#fcfcfc,#fcfcfc,#fcfcfc,#fcfcfc,#fcfcfc,#fcfcfc,#212121,#212121
Lady Madonna,1968,1967-1970,Lennon and McCartney,#282828,#282828,#282828,#282828,#282828,#ff8f33,#282828,0,0,1,0,0,4,136,#fcfcfc,#fcfcfc,#fcfcfc,#212121,#212121,#212121,#212121,#212121,#212121,#212121,#212121,#212121,#212121,#212121,#212121
Revolution,1968,1967-1970,Lennon,#ff336d,#282828,#282828,#282828,#282828,#282828,#abff33,0,1,0,0,0,12,201,#fcfcfc,#fcfcfc,#fcfcfc,#fcfcfc,#fcfcfc,#212121,#212121,#212121,#212121,#212121,#212121,#212121,#212121,#212121,#212121
Junk,1968,Anthology 3,McCartney,#282828,#282828,#ffc933,#282828,#282828,#282828,#282828,0,0,0,1,0,,114,#fcfcfc,#fcfcfc,#212121,#212121,#212121,#212121,#212121,#212121,#212121,#212121,#212121,#212121,#212121,#212121,#212121
Not Guilty,1968,Anthology 3,Harrison,#282828,#282828,#282828,#282828,#282828,#282828,#abff33,1,0,0,0,0,,215,#fcfcfc,#fcfcfc,#fcfcfc,#fcfcfc,#fcfcfc,#fcfcfc,#212121,#212121,#212121,#212121,#212121,#212121,#212121,#212121,#212121
Step Inside Love/Los Paranoias,1968,Anthology 3,McCartney,#282828,#33d4ff,#282828,#282828,#282828,#282828,#282828,0,0,0,1,0,,142,#fcfcfc,#fcfcfc,#fcfcfc,#212121,#212121,#212121,#212121,#212121,#212121,#212121,#212121,#212121,#212121,#212121,#212121
What's The New Mary Jane,1968,Anthology 3,Lennon,#ff336d,#282828,#282828,#f933ff,#282828,#282828,#abff33,0,1,0,0,0,,372,#fcfcfc,#fcfcfc,#fcfcfc,#fcfcfc,#fcfcfc,#fcfcfc,#fcfcfc,#fcfcfc,#fcfcfc,#fcfcfc,#fcfcfc,#212121,#212121,#212121,#212121
Across the Universe,1968,Let It Be,Lennon,#282828,#282828,#ffc933,#f933ff,#282828,#282828,#282828,0,1,0,0,0,,230,#fcfcfc,#fcfcfc,#fcfcfc,#fcfcfc,#fcfcfc,#fcfcfc,#212121,#212121,#212121,#212121,#212121,#212121,#212121,#212121,#212121
The Inner Light,1968,Rarities,Harrison,#ff336d,#282828,#282828,#282828,#282828,#282828,#abff33,1,0,0,0,0,96,156,#fcfcfc,#fcfcfc,#fcfcfc,#fcfcfc,#212121,#212121,#212121,#212121,#212121,#212121,#212121,#212121,#212121,#212121,#212121
Back in the U.S.S.R.,1968,The Beatles,McCartney,#ff336d,#282828,#282828,#282828,#282828,#ff8f33,#abff33,0,0,0,1,0,,163,#fcfcfc,#fcfcfc,#fcfcfc,#fcfcfc,#212121,#212121,#212121,#212121,#212121,#212121,#212121,#212121,#212121,#212121,#212121
Birthday,1968,The Beatles,Lennon and McCartney,#ff336d,#282828,#282828,#282828,#282828,#ff8f33,#abff33,0,0,1,0,0,,162,#fcfcfc,#fcfcfc,#fcfcfc,#fcfcfc,#212121,#212121,#212121,#212121,#212121,#212121,#212121,#212121,#212121,#212121,#212121
Blackbird,1968,The Beatles,McCartney,#282828,#282828,#ffc933,#282828,#282828,#282828,#282828,0,0,0,1,0,,139,#fcfcfc,#fcfcfc,#fcfcfc,#212121,#212121,#212121,#212121,#212121,#212121,#212121,#212121,#212121,#212121,#212121,#212121
Cry Baby Cry,1968,The Beatles,Lennon,#ff336d,#282828,#282828,#282828,#282828,#282828,#282828,0,1,0,0,0,,183,#fcfcfc,#fcfcfc,#fcfcfc,#fcfcfc,#fcfcfc,#212121,#212121,#212121,#212121,#212121,#212121,#212121,#212121,#212121,#212121
Dear Prudence,1968,The Beatles,Lennon,#ff336d,#282828,#282828,#f933ff,#282828,#282828,#282828,0,1,0,0,0,,236,#fcfcfc,#fcfcfc,#fcfcfc,#fcfcfc,#fcfcfc,#fcfcfc,#212121,#212121,#212121,#212121,#212121,#212121,#212121,#212121,#212121
Don't Pass Me By,1968,The Beatles,Starkey,#ff336d,#282828,#ffc933,#282828,#282828,#282828,#282828,0,0,0,0,1,,226,#fcfcfc,#fcfcfc,#fcfcfc,#fcfcfc,#fcfcfc,#fcfcfc,#212121,#212121,#212121,#212121,#212121,#212121,#212121,#212121,#212121
Everybody's Got Something to Hide Except Me and My Monkey,1968,The Beatles,Lennon,#ff336d,#282828,#282828,#282828,#282828,#282828,#282828,0,1,0,0,0,,144,#fcfcfc,#fcfcfc,#fcfcfc,#212121,#212121,#212121,#212121,#212121,#212121,#212121,#212121,#212121,#212121,#212121,#212121
Glass Onion,1968,The Beatles,Lennon,#ff336d,#282828,#282828,#f933ff,#282828,#282828,#282828,0,1,0,0,0,,137,#fcfcfc,#fcfcfc,#fcfcfc,#212121,#212121,#212121,#212121,#212121,#212121,#212121,#212121,#212121,#212121,#212121,#212121
Good Night,1968,The Beatles,Lennon,#282828,#33d4ff,#282828,#282828,#282828,#282828,#abff33,0,1,0,0,0,,191,#fcfcfc,#fcfcfc,#fcfcfc,#fcfcfc,#fcfcfc,#212121,#212121,#212121,#212121,#212121,#212121,#212121,#212121,#212121,#212121
Happiness Is a Warm Gun,1968,The Beatles,Lennon,#ff336d,#282828,#282828,#282828,#282828,#282828,#282828,0,1,0,0,0,,163,#fcfcfc,#fcfcfc,#fcfcfc,#fcfcfc,#212121,#212121,#212121,#212121,#212121,#212121,#212121,#212121,#212121,#212121,#212121
Helter Skelter,1968,The Beatles,McCartney,#ff336d,#282828,#282828,#282828,#282828,#282828,#abff33,0,0,0,1,0,,270,#fcfcfc,#fcfcfc,#fcfcfc,#fcfcfc,#fcfcfc,#fcfcfc,#fcfcfc,#212121,#212121,#212121,#212121,#212121,#212121,#212121,#212121
Honey Pie,1968,The Beatles,McCartney,#282828,#282828,#282828,#282828,#282828,#282828,#abff33,0,0,0,1,0,,161,#fcfcfc,#fcfcfc,#fcfcfc,#fcfcfc,#212121,#212121,#212121,#212121,#212121,#212121,#212121,#212121,#212121,#212121,#212121
I Will,1968,The Beatles,McCartney,#282828,#33d4ff,#ffc933,#282828,#282828,#282828,#282828,0,0,0,1,0,,106,#fcfcfc,#fcfcfc,#212121,#212121,#212121,#212121,#212121,#212121,#212121,#212121,#212121,#212121,#212121,#212121,#212121
I'm So Tired,1968,The Beatles,Lennon,#ff336d,#282828,#282828,#282828,#336dff,#282828,#282828,0,1,0,0,0,,123,#fcfcfc,#fcfcfc,#fcfcfc,#212121,#212121,#212121,#212121,#212121,#212121,#212121,#212121,#212121,#212121,#212121,#212121
Julia,1968,The Beatles,Lennon,#282828,#282828,#ffc933,#282828,#282828,#282828,#282828,0,1,0,0,0,,174,#fcfcfc,#fcfcfc,#fcfcfc,#fcfcfc,#212121,#212121,#212121,#212121,#212121,#212121,#212121,#212121,#212121,#212121,#212121
Long Long Long,1968,The Beatles,Harrison,#282828,#282828,#ffc933,#f933ff,#282828,#282828,#282828,1,0,0,0,0,,184,#fcfcfc,#fcfcfc,#fcfcfc,#fcfcfc,#fcfcfc,#212121,#212121,#212121,#212121,#212121,#212121,#212121,#212121,#212121,#212121
Martha My Dear,1968,The Beatles,McCartney,#282828,#282828,#282828,#282828,#282828,#282828,#abff33,0,0,0,1,0,,148,#fcfcfc,#fcfcfc,#fcfcfc,#212121,#212121,#212121,#212121,#212121,#212121,#212121,#212121,#212121,#212121,#212121,#212121
Mother Nature's Son,1968,The Beatles,McCartney,#282828,#282828,#ffc933,#282828,#282828,#282828,#282828,0,0,0,1,0,,168,#fcfcfc,#fcfcfc,#fcfcfc,#fcfcfc,#212121,#212121,#212121,#212121,#212121,#212121,#212121,#212121,#212121,#212121,#212121
Ob-La-Di Ob-La-Da,1968,The Beatles,McCartney,#282828,#33d4ff,#282828,#282828,#282828,#282828,#282828,0,0,0,1,0,49,187,#fcfcfc,#fcfcfc,#fcfcfc,#fcfcfc,#fcfcfc,#212121,#212121,#212121,#212121,#212121,#212121,#212121,#212121,#212121,#212121
Piggies,1968,The Beatles,Harrison,#282828,#33d4ff,#ffc933,#282828,#282828,#282828,#abff33,1,0,0,0,0,,124,#fcfcfc,#fcfcfc,#fcfcfc,#212121,#212121,#212121,#212121,#212121,#212121,#212121,#212121,#212121,#212121,#212121,#212121
Revolution 1,1968,The Beatles,Lennon,#ff336d,#282828,#282828,#282828,#282828,#282828,#282828,0,1,0,0,0,,201,#fcfcfc,#fcfcfc,#fcfcfc,#fcfcfc,#fcfcfc,#212121,#212121,#212121,#212121,#212121,#212121,#212121,#212121,#212121,#212121
Revolution 9,1968,The Beatles,Lennon and Harrison,#282828,#282828,#282828,#282828,#282828,#282828,#abff33,0,0,0,0,0,,502,#fcfcfc,#fcfcfc,#fcfcfc,#fcfcfc,#fcfcfc,#fcfcfc,#fcfcfc,#fcfcfc,#fcfcfc,#fcfcfc,#fcfcfc,#fcfcfc,#fcfcfc,#fcfcfc,#fcfcfc
Rocky Raccoon,1968,The Beatles,Lennon and McCartney,#ff336d,#282828,#ffc933,#282828,#282828,#282828,#282828,0,0,1,0,0,,213,#fcfcfc,#fcfcfc,#fcfcfc,#fcfcfc,#fcfcfc,#fcfcfc,#212121,#212121,#212121,#212121,#212121,#212121,#212121,#212121,#212121
Savoy Truffle,1968,The Beatles,Harrison,#ff336d,#282828,#282828,#282828,#336dff,#282828,#abff33,1,0,0,0,0,,174,#fcfcfc,#fcfcfc,#fcfcfc,#fcfcfc,#212121,#212121,#212121,#212121,#212121,#212121,#212121,#212121,#212121,#212121,#212121
Sexy Sadie,1968,The Beatles,Lennon,#ff336d,#282828,#282828,#282828,#282828,#282828,#282828,0,1,0,0,0,,195,#fcfcfc,#fcfcfc,#fcfcfc,#fcfcfc,#fcfcfc,#212121,#212121,#212121,#212121,#212121,#212121,#212121,#212121,#212121,#212121
The Continuing Story of Bungalow Bill,1968,The Beatles,Lennon,#ff336d,#282828,#ffc933,#282828,#282828,#282828,#282828,0,1,0,0,0,,198,#fcfcfc,#fcfcfc,#fcfcfc,#fcfcfc,#fcfcfc,#212121,#212121,#212121,#212121,#212121,#212121,#212121,#212121,#212121,#212121
While My Guitar Gently Weeps,1968,The Beatles,Harrison,#ff336d,#282828,#282828,#f933ff,#336dff,#282828,#282828,1,0,0,0,0,,286,#fcfcfc,#fcfcfc,#fcfcfc,#fcfcfc,#fcfcfc,#fcfcfc,#fcfcfc,#fcfcfc,#212121,#212121,#212121,#212121,#212121,#212121,#212121
Why Don't We Do It in the Road?,1968,The Beatles,McCartney,#ff336d,#282828,#282828,#282828,#336dff,#282828,#282828,0,0,0,1,0,,102,#fcfcfc,#fcfcfc,#212121,#212121,#212121,#212121,#212121,#212121,#212121,#212121,#212121,#212121,#212121,#212121,#212121
Wild Honey Pie,1968,The Beatles,McCartney,#ff336d,#282828,#ffc933,#f933ff,#282828,#282828,#abff33,0,0,0,1,0,,772,#fcfcfc,#fcfcfc,#fcfcfc,#fcfcfc,#fcfcfc,#fcfcfc,#fcfcfc,#fcfcfc,#fcfcfc,#fcfcfc,#fcfcfc,#fcfcfc,#fcfcfc,#fcfcfc,#fcfcfc
Yer Blues,1968,The Beatles,Lennon,#ff336d,#282828,#282828,#282828,#336dff,#282828,#abff33,0,1,0,0,0,,241,#fcfcfc,#fcfcfc,#fcfcfc,#fcfcfc,#fcfcfc,#fcfcfc,#fcfcfc,#212121,#212121,#212121,#212121,#212121,#212121,#212121,#212121
Hey Bulldog,1968,Yellow Submarine,Lennon,#ff336d,#282828,#282828,#f933ff,#282828,#282828,#abff33,0,1,0,0,0,,194,#fcfcfc,#fcfcfc,#fcfcfc,#fcfcfc,#fcfcfc,#212121,#212121,#212121,#212121,#212121,#212121,#212121,#212121,#212121,#212121
Goodbye,1969,0,McCartney,#282828,#33d4ff,#282828,#282828,#282828,#282828,#282828,0,0,0,1,0,,143,#fcfcfc,#fcfcfc,#fcfcfc,#212121,#212121,#212121,#212121,#212121,#212121,#212121,#212121,#212121,#212121,#212121,#212121
Madman,1969,0,Lennon,#ff336d,#282828,#282828,#282828,#282828,#282828,#282828,0,1,0,0,0,,197,#fcfcfc,#fcfcfc,#fcfcfc,#fcfcfc,#fcfcfc,#212121,#212121,#212121,#212121,#212121,#212121,#212121,#212121,#212121,#212121
Watching Rainbows,1969,0,Lennon and McCartney,#ff336d,#282828,#282828,#282828,#282828,#282828,#282828,0,0,1,0,0,,248,#fcfcfc,#fcfcfc,#fcfcfc,#fcfcfc,#fcfcfc,#fcfcfc,#fcfcfc,#212121,#212121,#212121,#212121,#212121,#212121,#212121,#212121
Don't Let Me Down,1969,1967-1970,Lennon,#ff336d,#282828,#282828,#282828,#282828,#282828,#282828,0,1,0,0,0,35,215,#fcfcfc,#fcfcfc,#fcfcfc,#fcfcfc,#fcfcfc,#fcfcfc,#212121,#212121,#212121,#212121,#212121,#212121,#212121,#212121,#212121
Old Brown Shoe,1969,1967-1970,Harrison,#ff336d,#282828,#282828,#282828,#336dff,#282828,#282828,1,0,0,0,0,,196,#fcfcfc,#fcfcfc,#fcfcfc,#fcfcfc,#fcfcfc,#212121,#212121,#212121,#212121,#212121,#212121,#212121,#212121,#212121,#212121
The Ballad of John and Yoko,1969,1967-1970,Lennon,#282828,#282828,#282828,#282828,#282828,#ff8f33,#282828,0,1,0,0,0,8,179,#fcfcfc,#fcfcfc,#fcfcfc,#fcfcfc,#212121,#212121,#212121,#212121,#212121,#212121,#212121,#212121,#212121,#212121,#212121
Because,1969,Abbey Road,Lennon,#ff336d,#282828,#282828,#f933ff,#282828,#282828,#abff33,0,1,0,0,0,,165,#fcfcfc,#fcfcfc,#fcfcfc,#fcfcfc,#212121,#212121,#212121,#212121,#212121,#212121,#212121,#212121,#212121,#212121,#212121
Carry That Weight,1969,Abbey Road,McCartney,#ff336d,#282828,#282828,#282828,#282828,#282828,#abff33,0,0,0,1,0,,96,#fcfcfc,#fcfcfc,#212121,#212121,#212121,#212121,#212121,#212121,#212121,#212121,#212121,#212121,#212121,#212121,#212121
Come Together,1969,Abbey Road,Lennon,#ff336d,#282828,#282828,#282828,#336dff,#282828,#282828,0,1,0,0,0,1,258,#fcfcfc,#fcfcfc,#fcfcfc,#fcfcfc,#fcfcfc,#fcfcfc,#fcfcfc,#212121,#212121,#212121,#212121,#212121,#212121,#212121,#212121
Golden Slumbers,1969,Abbey Road,McCartney,#ff336d,#282828,#282828,#282828,#282828,#282828,#282828,0,0,0,1,0,,91,#fcfcfc,#fcfcfc,#212121,#212121,#212121,#212121,#212121,#212121,#212121,#212121,#212121,#212121,#212121,#212121,#212121
Her Majesty,1969,Abbey Road,McCartney,#282828,#282828,#ffc933,#282828,#282828,#282828,#abff33,0,0,0,1,0,,743,#fcfcfc,#fcfcfc,#fcfcfc,#fcfcfc,#fcfcfc,#fcfcfc,#fcfcfc,#fcfcfc,#fcfcfc,#fcfcfc,#fcfcfc,#fcfcfc,#fcfcfc,#fcfcfc,#fcfcfc
Here Comes the Sun,1969,Abbey Road,Harrison,#ff336d,#33d4ff,#ffc933,#282828,#282828,#282828,#282828,1,0,0,0,0,,186,#fcfcfc,#fcfcfc,#fcfcfc,#fcfcfc,#fcfcfc,#212121,#212121,#212121,#212121,#212121,#212121,#212121,#212121,#212121,#212121
I Want You (She's So Heavy),1969,Abbey Road,Lennon,#ff336d,#282828,#282828,#282828,#336dff,#282828,#abff33,0,1,0,0,0,,467,#fcfcfc,#fcfcfc,#fcfcfc,#fcfcfc,#fcfcfc,#fcfcfc,#fcfcfc,#fcfcfc,#fcfcfc,#fcfcfc,#fcfcfc,#fcfcfc,#fcfcfc,#fcfcfc,#212121
Maxwell's Silver Hammer,1969,Abbey Road,McCartney,#ff336d,#282828,#282828,#282828,#282828,#282828,#abff33,0,0,0,1,0,,207,#fcfcfc,#fcfcfc,#fcfcfc,#fcfcfc,#fcfcfc,#212121,#212121,#212121,#212121,#212121,#212121,#212121,#212121,#212121,#212121
Mean Mr. Mustard,1969,Abbey Road,Lennon,#ff336d,#282828,#282828,#282828,#282828,#282828,#282828,0,1,0,0,0,,66,#fcfcfc,#212121,#212121,#212121,#212121,#212121,#212121,#212121,#212121,#212121,#212121,#212121,#212121,#212121,#212121
Octopus's Garden,1969,Abbey Road,Starkey,#ff336d,#282828,#ffc933,#282828,#282828,#282828,#282828,0,0,0,0,1,,168,#fcfcfc,#fcfcfc,#fcfcfc,#fcfcfc,#212121,#212121,#212121,#212121,#212121,#212121,#212121,#212121,#212121,#212121,#212121
Oh! Darling,1969,Abbey Road,McCartney,#ff336d,#33d4ff,#282828,#282828,#282828,#282828,#abff33,0,0,0,1,0,,206,#fcfcfc,#fcfcfc,#fcfcfc,#fcfcfc,#fcfcfc,#212121,#212121,#212121,#212121,#212121,#212121,#212121,#212121,#212121,#212121
Polythene Pam,1969,Abbey Road,Lennon,#ff336d,#282828,#282828,#282828,#282828,#282828,#282828,0,1,0,0,0,,72,#fcfcfc,#212121,#212121,#212121,#212121,#212121,#212121,#212121,#212121,#212121,#212121,#212121,#212121,#212121,#212121
She Came in Through the Bathroom Window,1969,Abbey Road,McCartney,#ff336d,#282828,#282828,#282828,#282828,#282828,#282828,0,0,0,1,0,,117,#fcfcfc,#fcfcfc,#212121,#212121,#212121,#212121,#212121,#212121,#212121,#212121,#212121,#212121,#212121,#212121,#212121
Something,1969,Abbey Road,Harrison,#ff336d,#33d4ff,#282828,#282828,#336dff,#282828,#282828,1,0,0,0,0,1,179,#fcfcfc,#fcfcfc,#fcfcfc,#fcfcfc,#212121,#212121,#212121,#212121,#212121,#212121,#212121,#212121,#212121,#212121,#212121
Sun King,1969,Abbey Road,Lennon,#282828,#33d4ff,#282828,#282828,#282828,#282828,#abff33,0,1,0,0,0,,146,#fcfcfc,#fcfcfc,#fcfcfc,#212121,#212121,#212121,#212121,#212121,#212121,#212121,#212121,#212121,#212121,#212121,#212121
The End,1969,Abbey Road,McCartney,#ff336d,#282828,#282828,#282828,#282828,#282828,#abff33,0,0,0,1,0,,140,#fcfcfc,#fcfcfc,#fcfcfc,#212121,#212121,#212121,#212121,#212121,#212121,#212121,#212121,#212121,#212121,#212121,#212121
You Never Give Me Your Money,1969,Abbey Road,McCartney,#ff336d,#282828,#282828,#282828,#282828,#282828,#282828,0,0,0,1,0,,242,#fcfcfc,#fcfcfc,#fcfcfc,#fcfcfc,#fcfcfc,#fcfcfc,#fcfcfc,#212121,#212121,#212121,#212121,#212121,#212121,#212121,#212121
All Things Must Pass,1969,Anthology 3,Harrison,#ff336d,#282828,#ffc933,#282828,#282828,#282828,#282828,1,0,0,0,0,,227,#fcfcfc,#fcfcfc,#fcfcfc,#fcfcfc,#fcfcfc,#fcfcfc,#212121,#212121,#212121,#212121,#212121,#212121,#212121,#212121,#212121
Come and Get It,1969,Anthology 3,McCartney,#ff336d,#33d4ff,#282828,#282828,#282828,#282828,#abff33,0,0,0,1,0,,142,#fcfcfc,#fcfcfc,#fcfcfc,#212121,#212121,#212121,#212121,#212121,#212121,#212121,#212121,#212121,#212121,#212121,#212121
Teddy Boy,1969,Anthology 3,McCartney,#ff336d,#282828,#ffc933,#282828,#282828,#282828,#282828,0,0,0,1,0,,145,#fcfcfc,#fcfcfc,#fcfcfc,#212121,#212121,#212121,#212121,#212121,#212121,#212121,#212121,#212121,#212121,#212121,#212121
Dig a Pony,1969,Let It Be,Lennon,#ff336d,#282828,#282828,#282828,#336dff,#282828,#282828,0,1,0,0,0,,232,#fcfcfc,#fcfcfc,#fcfcfc,#fcfcfc,#fcfcfc,#fcfcfc,#212121,#212121,#212121,#212121,#212121,#212121,#212121,#212121,#212121
Dig It,1969,Let It Be,Lennon McCartney Harrison and Starkey,#ff336d,#282828,#282828,#282828,#282828,#282828,#282828,0,0,0,0,0,,771,#fcfcfc,#fcfcfc,#fcfcfc,#fcfcfc,#fcfcfc,#fcfcfc,#fcfcfc,#fcfcfc,#fcfcfc,#fcfcfc,#fcfcfc,#fcfcfc,#fcfcfc,#fcfcfc,#fcfcfc
For You Blue,1969,Let It Be,Harrison,#282828,#282828,#ffc933,#282828,#336dff,#282828,#282828,1,0,0,0,0,71,152,#fcfcfc,#fcfcfc,#fcfcfc,#fcfcfc,#212121,#212121,#212121,#212121,#212121,#212121,#212121,#212121,#212121,#212121,#212121
Get Back,1969,Let It Be,McCartney,#ff336d,#282828,#282828,#282828,#336dff,#282828,#282828,0,0,0,1,0,1,194,#fcfcfc,#fcfcfc,#fcfcfc,#fcfcfc,#fcfcfc,#212121,#212121,#212121,#212121,#212121,#212121,#212121,#212121,#212121,#212121
I've Got a Feeling,1969,Let It Be,Lennon and McCartney,#ff336d,#282828,#282828,#282828,#336dff,#282828,#282828,0,0,1,0,0,,217,#fcfcfc,#fcfcfc,#fcfcfc,#fcfcfc,#fcfcfc,#fcfcfc,#212121,#212121,#212121,#212121,#212121,#212121,#212121,#212121,#212121
Let It Be,1969,Let It Be,McCartney,#ff336d,#33d4ff,#282828,#282828,#282828,#282828,#abff33,0,0,0,1,0,1,230,#fcfcfc,#fcfcfc,#fcfcfc,#fcfcfc,#fcfcfc,#fcfcfc,#212121,#212121,#212121,#212121,#212121,#212121,#212121,#212121,#212121
One After 909,1969,Let It Be,Lennon,#ff336d,#282828,#282828,#282828,#282828,#282828,#abff33,0,1,0,0,0,,172,#fcfcfc,#fcfcfc,#fcfcfc,#fcfcfc,#212121,#212121,#212121,#212121,#212121,#212121,#212121,#212121,#212121,#212121,#212121
The Long and Winding Road,1969,Let It Be,McCartney,#282828,#33d4ff,#282828,#282828,#282828,#282828,#282828,0,0,0,1,0,1,220,#fcfcfc,#fcfcfc,#fcfcfc,#fcfcfc,#fcfcfc,#fcfcfc,#212121,#212121,#212121,#212121,#212121,#212121,#212121,#212121,#212121
Two of Us,1969,Let It Be,McCartney,#ff336d,#282828,#ffc933,#282828,#282828,#282828,#282828,0,0,0,1,0,,213,#fcfcfc,#fcfcfc,#fcfcfc,#fcfcfc,#fcfcfc,#fcfcfc,#212121,#212121,#212121,#212121,#212121,#212121,#212121,#212121,#212121
Taking a Trip to Carolina,1969,Let It Be... Naked - Fly on the Wall bonus disc,Starkey,#282828,#282828,#282828,#282828,#282828,#ff8f33,#282828,0,0,0,0,1,,150,#fcfcfc,#fcfcfc,#fcfcfc,#212121,#212121,#212121,#212121,#212121,#212121,#212121,#212121,#212121,#212121,#212121,#212121
I Me Mine,1970,Let It Be,Harrison,#ff336d,#282828,#ffc933,#282828,#336dff,#282828,#abff33,1,0,0,0,0,,145,#fcfcfc,#fcfcfc,#fcfcfc,#212121,#212121,#212121,#212121,#212121,#212121,#212121,#212121,#212121,#212121,#212121,#212121